feature,importance_mean,importance_std,val_imp_0,val_imp_1,val_imp_2,val_imp_3,val_imp_4,val_imp_5,val_imp_6,val_imp_7,val_imp_8,val_imp_9
EXT_SOURCE_3,0.027424062194226263,0.0006342351019951947,0.027622931482433,0.02761915954106342,0.02761091777281588,0.026570752764175865,0.027719897354429257,0.025965557412435114,0.027761339672560115,0.028310609163958445,0.027679846226010052,0.027379610552381473
EXT_SOURCE_2,0.020805192065248147,0.0005863757581796266,0.019894919635204733,0.021700853898212635,0.021009676608466532,0.020444836278397105,0.021195177732626025,0.02085457023920667,0.021743538598471668,0.020399161173518365,0.020644434757698615,0.02016475173067911
EXT_SOURCE_1,0.014509283022164688,0.0002849827188836333,0.01440967528107584,0.014564718699807133,0.014231617420616738,0.014775644371641805,0.014529032706955824,0.015042198628007819,0.014170243709552,0.014088456550428341,0.01478235869876432,0.014498884154797054
AMT_GOODS_PRICE,0.012034168793488887,0.0004142662217958278,0.012668970152065473,0.012156222826576135,0.012405590231243324,0.011491964777781138,0.011258538788481265,0.012223519147335216,0.012447683094727768,0.011894067980728895,0.011875687614158359,0.01191944332179129
PREV_APP_CNT_PAYMENT,0.010285324161146126,0.0006054695968880541,0.010396594700833539,0.00958654475518017,0.01060230871368617,0.010703211793399059,0.010802710109162339,0.010760441628974493,0.01072705188814993,0.008841541539701847,0.009984471334789302,0.010448365147584404
AMT_ANNUITY,0.010162166118318827,0.00022284448496321527,0.010506949183073155,0.01041632281955407,0.010420294811255504,0.010079475899080093,0.00996688540049473,0.009962632931101778,0.010119092312529165,0.009786082998800794,0.010088069240090536,0.010275855587208449
CODE_GENDER,0.009898544847545977,0.00032829368524048177,0.010005264861510765,0.010339006166020348,0.009594156848464985,0.010088605931523387,0.009729866140732124,0.010148419283936061,0.009362672823581386,0.00953874222785911,0.009803637203314008,0.010375076988517584
AMT_CREDIT,0.009014777253936956,0.00020634020283064142,0.009103633265342914,0.009057491376356586,0.008960477824849655,0.009541170489349882,0.00891146159097822,0.00895962519302862,0.008672199527750668,0.008952987560350345,0.008982577193261676,0.009006148518100998
NAME_EDUCATION_TYPE,0.00752815136816668,0.00019570810148837343,0.00755198079017283,0.007406812120514195,0.007541053358947392,0.007843155320615747,0.0074768592605931605,0.007282377759963765,0.0072299722085548135,0.007862242904983163,0.007497188378698949,0.007589871578622787
DAYS_EMPLOYED,0.007139782087107982,0.00033523712333405315,0.006968348794123114,0.007240395696196611,0.0069905528538452,0.006337066471895358,0.007244329680031747,0.007002415550065422,0.0075103815199157875,0.007141260321620435,0.007389423352025748,0.007573646631360398
DAYS_BIRTH,0.006522146964356412,0.00018536285819249342,0.006353405612434582,0.006693435691706995,0.006660206296568383,0.006698673141741107,0.006239795009867266,0.006250558362491665,0.006564389653492153,0.006574189744256165,0.0064097965601046525,0.006777019570901155
OWN_CAR_AGE,0.0060077384236270955,0.00015904411903692632,0.005922045345405302,0.006081559100048706,0.006020731582383476,0.005809867164297655,0.006176456258181751,0.006161583474696863,0.005743179987466429,0.00583752772831847,0.006193931732115021,0.006130501863357285
BUREAU_CREDIT_SUM_DEBT,0.004902327974936016,0.00013198024425554748,0.005086342465523308,0.004854463769671247,0.005079518526429294,0.004955806315337652,0.004609079894807744,0.004979372040804009,0.004807309921246228,0.0049010671827476315,0.004901069727917262,0.004849249904875785
PREV_APP_AMT_ANNUITY,0.004692726028850469,0.00023990154372295955,0.004441550892012369,0.004905770316840474,0.004409902047204595,0.004570408587675878,0.004952875637364906,0.004836973024720415,0.0042532175031053665,0.004760029153696221,0.004924944606652826,0.00487158851923164
BUREAU_CREDIT_MAX_OVERDUE,0.004327693119540099,0.00013337814372601307,0.004240443975519037,0.004653639536683185,0.004267655741297949,0.004485997698035038,0.004343638725953225,0.004296583969465195,0.0043230194585114345,0.0042186244060866684,0.004240911098982503,0.004206416584866757
PREV_APP_AMT_DOWN_PAYMENT,0.004081686526510675,0.00012147226276719555,0.004086108792652476,0.003936578720341366,0.004156748787573994,0.004059773583289017,0.004029749405085603,0.004076042986180806,0.004220146078160569,0.004312923279682246,0.0040688352355087165,0.003869958396631956
BUREAU_CREDIT_SUM,0.0037627097000348607,9.754520424077814e-05,0.0038471960963744056,0.0036763283400780278,0.003790870135368163,0.0037866443054173082,0.003735445503761925,0.003677558675069803,0.003715007113040736,0.0038805376486542587,0.003924587068860785,0.003592922113723196
DAYS_ID_PUBLISH,0.0034302351094747997,8.537363127226916e-05,0.003306774293270087,0.003418675220567713,0.003452011852186354,0.003448678189024501,0.0033916056449313503,0.0032960306232907577,0.0035325814021662794,0.003553492346045961,0.0033783039098109757,0.0035241976134540165
BUREAU_CREDIT_ACTIVE,0.003156867722501633,0.000145447776929918,0.00335957180079971,0.003196625630413452,0.0032227224422228806,0.0029703093179163087,0.0032307675536982217,0.003037672322119267,0.0033017328212965324,0.003129025246724204,0.0028735882912370725,0.003246661798588679
CCB_AMT_CREDIT_LIMIT_ACTUAL,0.0029226184217345684,0.0005940907358057971,0.0020157982597570623,0.0032468075519686,0.0019529357941454606,0.002370027331278446,0.0034058857432518463,0.0035314844340620377,0.0034611820983095898,0.0025767337906030807,0.0032772235166148578,0.003388105697354704
NAME_INCOME_TYPE,0.0027121658629958856,0.00010353487075414674,0.0024460673277333367,0.002700739883946146,0.0028142261125581047,0.0027845114269796634,0.0026814693867223127,0.002702038259805861,0.002811306633331734,0.0027638792640118925,0.0027680129588227853,0.0026494073760470194
NAME_FAMILY_STATUS,0.002517551216060054,0.00038595384664666496,0.0026365649592030582,0.002583854835830235,0.002630870736062163,0.0026610749425965974,0.002704020777258065,0.0026779485687548066,0.002524377785162679,0.0026793039564139143,0.002706725613846994,0.0013707699854720312
BUREAU_CREDIT_CLOSED,0.0023601796288749257,6.799509903647176e-05,0.0022478199941413646,0.0022729633854131626,0.00235942517272969,0.0023121875033853545,0.002433320100233005,0.0023875445459934364,0.0024831535032289187,0.0023882539696041816,0.002387579839012055,0.0023295482750080865
OCCUPATION_TYPE,0.0023410765698761993,8.937818424660065e-05,0.0023731102103943247,0.00230065364307952,0.0021168655877491505,0.0023595329182435343,0.0023517239985084704,0.0023984292183694134,0.002488358714447747,0.0023626047682909768,0.002309766368369437,0.002349720271309419
AMT_REQ_CREDIT_BUREAU_QRT,0.0023358179779666478,5.1844852802992565e-05,0.002230790433924712,0.002373256981842098,0.002368346331586668,0.0023655020197028698,0.002283168836857863,0.0023338431638944,0.002378188672166326,0.0022703566226932592,0.002367392062659013,0.002387334654339268
BUREAU_CREDIT,0.00230868482399329,0.0001489559527685965,0.0023885168007864443,0.0022952317530875455,0.002654269328723813,0.002061628619982381,0.002187599584268285,0.002320515637721954,0.002211409306661638,0.002345435732779455,0.0023790640408358765,0.0022431774350855083
FLAG_DOCUMENT_3,0.0022010543349859856,9.549431894462209e-05,0.0020831485381119785,0.002149264578881538,0.0021317663680997523,0.002111806129910243,0.0023283579840179813,0.0021036512367854643,0.0021880599206126616,0.002344681005149507,0.002310291861056024,0.0022595157272347066
PREV_APP_NAME_YIELD_GROUP,0.002171579251675171,0.00013708987948146974,0.002316115887847303,0.00238563668684999,0.002041713176778037,0.002185919772322409,0.0018828255338599886,0.0020932548976195786,0.002201900043945604,0.0022855962499587212,0.002145371148082331,0.0021774591194877457
PREV_APP_NAME_GOODS_CATEGORY,0.0021028186609009735,0.0003419575721222207,0.0013620132445724131,0.0022856836341155207,0.002144078201917865,0.0015467567565763396,0.002469685144337652,0.0022102770455387777,0.002414839793335677,0.0022579448485482434,0.0021642870183398166,0.0021726209217274306
PREV_APP_CODE_REJECT_REASON,0.0020056264215191468,0.0001795230566904929,0.0021708292919964123,0.0016783866509845202,0.0017279847106299595,0.001946002582436046,0.0021963169598779864,0.0019170852136590755,0.0020666631351590192,0.0022087338243621524,0.002004155635869753,0.0021401062102165413
CCB_MONTHS_BALANCE,0.0017763264066822826,0.0003524926245984712,0.002013164687917346,0.0011252722566877926,0.0018728523715623169,0.0019336652969217383,0.0018368568860857026,0.0020161031710770327,0.0020416057706204027,0.0010405656183374301,0.0019194929441150865,0.0019636850634979774
PREV_APP_NUM_CONSUMER_LOANS,0.0017479422170040948,8.640562525920098e-05,0.0017502885410010105,0.001779745825092438,0.0017510147627312067,0.0018713860145079808,0.0018075134559152328,0.0018189952250828867,0.001725459563015841,0.0015346144310545151,0.001753698728929276,0.0016867056227105603
DAYS_LAST_PHONE_CHANGE,0.0017057490229333671,9.607216545381066e-05,0.0018331567184992625,0.0016920609989364843,0.0014672765391917642,0.0017767101164534171,0.0016853115484731784,0.0017302203876199407,0.0016511160069484498,0.0018048887073300879,0.0017164416877135658,0.001700307518167521
REGION_RATING_CLIENT_W_CITY,0.00153778337083893,8.659775449066768e-05,0.0015736283180166621,0.0014974878722010532,0.0014965632969188292,0.0016167193970241245,0.0014889364416502682,0.0013883533745970844,0.0017321234957801135,0.0015460778750009396,0.0014978394449638444,0.00154010419223638
CCB_AMT_BALANCE,0.0015036793875491616,0.00027594050156868173,0.0015636487079557781,0.0017614056722018434,0.0008570904491916886,0.0016635510269760179,0.0016476995409352435,0.0015617284623202776,0.0011071452193329723,0.0016861748700067736,0.0015026820543515562,0.0016856678722194651
DEF_60_CNT_SOCIAL_CIRCLE,0.0014124593207979542,4.6889141100295786e-05,0.0013256137558388392,0.0014402470075574048,0.0013996172772455795,0.001422881824307387,0.001487599888246316,0.0013881204067381914,0.0013762268291268587,0.0014860456380014764,0.0013929569077189008,0.0014052836731985874
NAME_CONTRACT_TYPE,0.0013924935341387058,0.0001575717992921841,0.0014590217057400823,0.0013724801697754252,0.0013963099141698354,0.0014295647610047535,0.0015469620669252837,0.0014922521189468796,0.0015725690184229535,0.001003985252883366,0.0014154063217918234,0.0012363840117266545
PREV_APP_SELLERPLACE_AREA,0.0013809479999882912,4.531235607132219e-05,0.0014392564275431674,0.0014431235582563762,0.0013104384365258959,0.001327245718595993,0.001347716348132355,0.0013378477074668105,0.0013931769800514804,0.0014183168080857955,0.0013813639994779692,0.001410994015747069
BUREAU_CREDIT_ENDDATE,0.0013543006679910597,4.198796290124063e-05,0.0013612059167703583,0.0013328510304784214,0.0013641136882167615,0.0013879310461188954,0.0013854946400853052,0.0012963334458747644,0.00131226043861421,0.0012992157656249725,0.0014353219346741053,0.0013682787734528024
ORGANIZATION_TYPE,0.001354056620160582,7.715966739487049e-05,0.0013828123706669526,0.0011581229305878127,0.0014116454094905695,0.0013761033035615267,0.001283443688876229,0.0013745475262147977,0.001390338097862931,0.001450484188783241,0.0013409819990087835,0.0013720866865529757
CCB_CNT_INSTALMENT_MATURE_CUM,0.0013503693990036037,0.0001448629932992415,0.0013786571267533354,0.0014189851696266853,0.0014490215646445481,0.0013792565990367045,0.001349372914195901,0.0009278178282698946,0.001406212151074282,0.001373092707262824,0.0014571545693105037,0.0013641233598613578
PREV_APP_DAYS_FIRST_DUE,0.0013331908784932288,3.8433558556330104e-05,0.001393718083111617,0.001301877504008453,0.001393407063384755,0.0012816065854479586,0.001315327537678379,0.001348594092293709,0.0013556562592637045,0.0013438171482821337,0.0012862666213351304,0.0013116378901264492
DEF_30_CNT_SOCIAL_CIRCLE,0.001294454177470017,3.608925048376495e-05,0.0012480278233599762,0.0013151656648909826,0.0013181528456291947,0.0012559612867281134,0.001276500296488181,0.0012702530928287992,0.001275967168292702,0.001305576314170942,0.0013780077691454284,0.0013009295131658494
PREV_APP_NAME_CLIENT_TYPE,0.001288506116079513,0.00010782565726022401,0.0013768746596329873,0.0014360467989804615,0.0014341526837529095,0.001278906160486315,0.0013391355632920154,0.001205274233843312,0.0010911432289288925,0.0012152331431913854,0.0011862930375656777,0.001322001651121174
REGION_RATING_CLIENT,0.0012838236148284387,4.7278407186280763e-05,0.001228631594757168,0.0013387485278325562,0.0012317093835336745,0.0012838624541168242,0.0012671557910852727,0.001294404207306532,0.0012597469720136978,0.0012291226428148283,0.0013424497134868485,0.0013624048613369855
DAYS_REGISTRATION,0.001251740038082505,2.9255660972055538e-05,0.0012283209143860718,0.0012338278130432645,0.0013087131508826566,0.0012927486593109494,0.001237488615339677,0.0012591332467805083,0.0012652104331094538,0.0012151214950841815,0.0012561226504816947,0.0012207134024065924
REGION_POPULATION_RELATIVE,0.0011794658576224192,3.584926882164746e-05,0.0011274034120454246,0.0011575629932725207,0.0011951403865038124,0.0012113378459343016,0.0011269741267703193,0.001208296368244266,0.0012338712506048122,0.0011882051386586934,0.0012020170954478715,0.0011438499587421713
PREV_APP_AMT_GOODS_PRICE,0.0011537203301232092,3.376842698588469e-05,0.001103809180679649,0.0011723081789206669,0.0011303481732900522,0.0011719893540067527,0.0011792322280195222,0.0011719825668878858,0.0011774163343380994,0.0012037832734828058,0.001100030961224796,0.0011263030503818605
PREV_APP_DAYS_DECISION,0.0011492939577744,4.762976955664002e-05,0.0010861389164316115,0.0011384706579218307,0.001125279722518524,0.0011695605834820544,0.0011228697862489811,0.0012437331041513788,0.0011357339218736051,0.0011177139513207646,0.0011252882064173297,0.001228150727377919
PREV_APP_DAYS_LAST_DUE,0.0011274254023108665,4.8009824212470125e-05,0.0010793640142722216,0.0011694908458346198,0.0010472217459148725,0.0011417800571332792,0.0011080355196643188,0.0011773644128780791,0.0011067424038218032,0.0011625954723134546,0.0010798486145668917,0.0012018109367091245
PREV_APP_NAME_PRODUCT_TYPE,0.0011017463546420525,8.059671550016541e-05,0.001139780062849649,0.001086643199371351,0.0011595161564351697,0.001137415939633235,0.0011340875364886926,0.0009720116444327243,0.0009619858819629457,0.001057900429230152,0.001130256377505967,0.0012378663185106387
CCB_AMT_RECIVABLE,0.0010828427860377521,6.282236805647701e-05,0.0009893148952219155,0.0011217595832628824,0.0011428347754218748,0.001114188382369763,0.0010086888960101348,0.0011442042463527535,0.0011616262717240033,0.001000928673853707,0.0010390812754181855,0.0011058008607423009
BUREAU_CREDIT_SUM_LIMIT,0.0010824995444634444,3.7356294597663504e-05,0.001033329701121799,0.001091230613085692,0.0010891306784752697,0.0011095280071267144,0.0010966910199778912,0.0010013562623489847,0.0011429498170884012,0.001093673297204334,0.0010912852493933922,0.0010758207988119661
CCB_CNT_DRAWINGS_ATM_CURRENT,0.0010682526690903415,0.00018773821340925396,0.0010084600004227617,0.0011621336088672996,0.0006981904197815858,0.0012062597235182881,0.0012046486311518834,0.0012274823658369183,0.0010976193281755364,0.0007271615764763428,0.0011752235858757398,0.0011753474507970596
BUREAU_ENDDATE_FACT,0.001058159985627405,0.00013846078600882904,0.0009898020406862162,0.0011003750681568558,0.0010945805653330698,0.001101547203603559,0.0011235824337412215,0.0011081604026534908,0.0010857096311565062,0.0011969849557629253,0.0011128822013233286,0.0006679753538568756
YEARS_BEGINEXPLUATATION_AVG,0.0010553430597685875,0.00010664499639817463,0.0009270211901803993,0.001182563515689794,0.0009134231973167983,0.001027936656385342,0.0011535854021980096,0.0011340082968744891,0.0008762053517130663,0.001093428112531325,0.0011522281480812469,0.001093030726715405
PREV_APP_HOUR_APPR_PROCESS_START,0.001052234338697311,2.8036919935361988e-05,0.0010428409999734267,0.001029600518601681,0.0010522000976820323,0.001019010067833337,0.001014959006195859,0.0010775756084226984,0.0010953302026237566,0.0010299408926182085,0.0010899027132584838,0.0010709832797636265
CCB_AMT_TOTAL_RECEIVABLE,0.0010437578379399847,6.874484891539729e-05,0.0010408401573001047,0.001011904632979732,0.0010618176149456149,0.0008771460464027658,0.0010488840810295441,0.0010469587450547824,0.0011758603873134321,0.001052697254146917,0.0010624388060097578,0.0010590306542171968
WEEKDAY_APPR_PROCESS_START,0.0010162571445064162,2.367049762580019e-05,0.001035315951489535,0.0010475765425592698,0.0009873902379590183,0.0010270044455943372,0.000994143251659807,0.001045171187595062,0.000986382011435527,0.001038692373500849,0.0010071258225105018,0.0009937696207602542
PREV_APP_DAYS_LAST_DUE_1ST_VERSION,0.0010141337094965452,4.719896443171948e-05,0.0010061819039393072,0.0010327809625527706,0.001015453956847101,0.0010169109816127175,0.0010248839799490428,0.0009672732173212628,0.001050436634494778,0.0009021713418043698,0.0010403754093283313,0.0010848687071157714
PREV_APP_RATE_DOWN_PAYMENT,0.0009684914712414505,5.042655689783461e-05,0.0010572393638420552,0.001017464301487081,0.000891242722833141,0.0009754934364661905,0.0009200645629103832,0.0009266109088383878,0.0009336525447736221,0.0010098432152696457,0.0009451763940788727,0.001008127261915126
PREV_APP_PRODUCT_COMBINATION,0.0009193202535081824,7.02635718927056e-05,0.0009648751585098481,0.0008991056001639297,0.0009498179350668767,0.0009045295262917197,0.0007335563999733008,0.00097628430550456,0.0009710880872184635,0.0008744703944254528,0.000956181537816625,0.0009632935901110473
BUREAU_CREDIT_UPDATE,0.0008807916794883353,4.9811111214833676e-05,0.0009400806251534943,0.0008913516560925538,0.0008928770610818759,0.0008974968832892172,0.0008952559462821474,0.000744033336177008,0.0008555602932192041,0.0008958842638211451,0.0008833323356693956,0.0009120443940973111
ENTRANCES_MEDI,0.000874075842231703,8.957691352563827e-05,0.0009163587959508668,0.0009124670619313768,0.0009689470905380748,0.0006968212882065838,0.000978301946297444,0.0009076755256139935,0.0009440280135484258,0.0008048330266544612,0.0008581899624654499,0.0007531357111103532
PREV_APP_AMT_CREDIT,0.0008714836718176966,8.218823864093813e-05,0.0009205315166957995,0.0008391179884716937,0.0008967903442040903,0.0006760652603174933,0.0009558202934092375,0.000871937441624393,0.0007776187157059189,0.0009235178490440976,0.0009103756112196493,0.0009430616974845929
LANDAREA_MEDI,0.000856925590071822,6.294182189630537e-05,0.0008738695647182437,0.0008647273154608337,0.0008830180920608166,0.0009179227178401916,0.0007616552422019529,0.0007843213350482436,0.0008992890220541616,0.0009139617552073043,0.0007500056615177275,0.0009204851946087445
PREV_APP_DAYS_TERMINATION,0.0008127626553004807,3.066197769861064e-05,0.0008087043993170173,0.0008471624212351703,0.0008312883680237082,0.0008447733553563763,0.0008084453010501758,0.0007805222452028637,0.0008362606113838655,0.0008228448526645948,0.0007415034375795049,0.0008061215611915307
CNT_FAM_MEMBERS,0.0007912802529709162,2.2659602447961747e-05,0.0007910514422224679,0.0008010010192819328,0.0007716156786516937,0.0008121777074516778,0.0008216362364532603,0.0007887567172975007,0.0007596420130364656,0.0008204863288212572,0.00079299510341857,0.0007534402830743359
APARTMENTS_AVG,0.0007856426853056986,0.0001228076222303413,0.0007655843053758771,0.0006269380570507188,0.000909776987326083,0.0006142785530631745,0.0008854942027403112,0.0009041752386812485,0.0009003569752248364,0.0006592462704669844,0.0006788603655887293,0.0009117158975390227
PREV_APP_NAME_PORTFOLIO,0.0007618209497117668,5.366643365764239e-05,0.0007958862464234606,0.0007440542065677569,0.0007993790675251411,0.0007860245625548323,0.0007880488207886449,0.0007642038053765621,0.0007452923467464734,0.0008082715508044291,0.0007737587114676758,0.000613290178862691
CCB_AMT_RECEIVABLE_PRINCIPAL,0.0007001473328274276,0.00016328580591731847,0.0007014965951115393,0.000707152471030259,0.0007250540063571398,0.0008345626438944764,0.0008284321786815596,0.0008348982669277305,0.00039301898355748044,0.0008570702575128042,0.0007256865658454847,0.0003941013593558029
AMT_REQ_CREDIT_BUREAU_YEAR,0.0006796114112065377,3.59634286692204e-05,0.0006956956445247631,0.0007241277342951991,0.000691163545830209,0.0006782527487625423,0.0007325897445534801,0.0006595645863467503,0.0006654429100898529,0.0006151372932912125,0.0007036565957247998,0.0006304833086465678
PREV_APP_NAME_SELLER_INDUSTRY,0.0006729405895166019,7.927815804702642e-05,0.0007846169140797166,0.000601970452160483,0.0005706070057054369,0.0007897525573290487,0.0005885838780528285,0.0006408480877092559,0.0006150448187953739,0.000723686741239904,0.0007561955140216181,0.000658099926072353
FLAG_OWN_CAR,0.0006581622657600317,3.3470361911586884e-05,0.0006779770220544101,0.0006345849343203369,0.0006285404958403795,0.0006778422977427034,0.000687964776658001,0.0006418244147734509,0.000653103758117779,0.0005887016345671459,0.0006858086786379891,0.0007052746448881209
LIVINGAREA_MEDI,0.0006550026752320636,6.529851906735382e-05,0.000679056852682991,0.0006649744292026583,0.0006982917175322179,0.0007461022197179368,0.0006099914693634689,0.0006583040486755065,0.0006653175180668658,0.0004845921501731576,0.0006668335907675793,0.0006765627561382548
CCB_AMT_PAYMENT_TOTAL_CURRENT,0.0006192921978489974,8.79005652769188e-05,0.0006476397879880968,0.0006036553544456202,0.0006623484928718337,0.000654334432465653,0.0006762003239849657,0.0006270722723284994,0.000646014103315995,0.0006751919277835361,0.00036303400096593386,0.0006374312823398398
BASEMENTAREA_MEDI,0.0006169511508370307,6.616690198410374e-05,0.0007003066434775329,0.000690367925808566,0.0005562303606175822,0.0006865717204886934,0.000517888907467845,0.0006545767326129326,0.00053660795127497,0.0005798376571874986,0.0005802055190359257,0.0006669180903987604
PREV_APP_NUM_REVOLVING_LOANS,0.0006060904030554592,3.253781646439103e-05,0.0006457741786602966,0.0006220496346101001,0.0006276074366594608,0.0005993014176240985,0.0005430244935527018,0.0005650363081298737,0.0006391614886442909,0.0006050149840540753,0.000579677990213634,0.0006342560984060608
FLAG_DOCUMENT_18,0.0005856999633298221,5.49518893369343e-05,0.0005259497989948958,0.0004774841701500332,0.0005848879524157358,0.0005880480350100026,0.0006345360670636513,0.0005891629889793748,0.000689990561993592,0.0006197934265852467,0.0005830661200052489,0.00056408051210044
FLOORSMAX_MEDI,0.0005803033214203501,6.990739990321888e-05,0.0005711543868507363,0.0006267593861437604,0.0004883618857292049,0.0004386126430084847,0.0006550039817524445,0.0005398068901252273,0.0006257818713335528,0.0006583839670013525,0.0005681948636222511,0.0006309733386364869
HOUR_APPR_PROCESS_START,0.0005784659634751943,1.4996274153572962e-05,0.0006002446574835396,0.0006022236116982604,0.0005655850466990131,0.0005773289683368432,0.000586018347080941,0.0005527302433627757,0.0005778692230071769,0.0005774638623264883,0.000561343097340461,0.0005838525774164438
BUREAU_IT_CURRENCY,0.0005593408124041854,0.00016549705393745709,0.0006449580276035594,0.0005968015520281256,0.00038766666153478013,0.0006325460837807162,0.0006478707197111744,0.0006118229734185521,0.0006356596746098786,0.0006367062483554342,0.00011955577943201234,0.0006798204035676214
NONLIVINGAREA_AVG,0.0005463919395992112,5.738702554508465e-05,0.0005706932021164457,0.00046975211453736954,0.0006154564575611143,0.00047351964427955195,0.0005046102485517512,0.0005865587714292131,0.00046849785495106655,0.0005686256759990238,0.0006072907050459486,0.000598914721520627
ENTRANCES_AVG,0.0005450710135367576,5.457634722622876e-05,0.00048056382538430586,0.0005646920315198756,0.000587429728471367,0.0004609639832122703,0.0004509226103689423,0.0005700282341349894,0.0005826196972548159,0.0005800017357887599,0.0005669803086818526,0.000606507980550397
LIVINGAREA_AVG,0.0005407833529319616,7.17248640339084e-05,0.0005984540458201515,0.0005759214895397768,0.0005502773785658333,0.00041284246129946744,0.0005959355156470725,0.00047125817623761,0.00042300617196255885,0.0005774913501583878,0.0006009418642800579,0.0006017050758087006
LANDAREA_MODE,0.0005387278739508062,3.919689097982681e-05,0.0005597535540768916,0.0005657041606368374,0.000551623264258283,0.0005501776079168685,0.000490284676534336,0.0005723112512796558,0.0005896497950876878,0.000552582793203138,0.0004866216684242808,0.00046856996809008233
FLOORSMAX_AVG,0.000530735260840709,3.0400055648424457e-05,0.0005479475303001857,0.00047810315540042225,0.0005348492390709891,0.0005016527614590816,0.0005539707590334064,0.0005537281195300281,0.0005673897416340612,0.0005518209390984463,0.00053638770926423,0.00048150265361623923
PREV_APP_WEEKDAY_APPR_PROCESS_START,0.0005286815804460887,3.1777313337205104e-05,0.0005276540445691147,0.0005705640771780374,0.00048658433926984657,0.00046863953605957853,0.0005469584773878378,0.0005154190748732912,0.0005676479915108779,0.0005143042905818573,0.000533828795733271,0.0005552151772971747
NONLIVINGAPARTMENTS_AVG,0.0005134141259929171,6.264976709560115e-05,0.0005617233456808313,0.00047970321869850174,0.00048143783663023854,0.00046011186042516083,0.0005095638273348024,0.00037251984812147754,0.0005605422173015073,0.0005851648668698806,0.0005648730779186373,0.0005585011609481327
OBS_60_CNT_SOCIAL_CIRCLE,0.0005077277589422225,2.0264194745637637e-05,0.0005360015221946846,0.0004979551390422721,0.0004994871614727447,0.0004929588014098707,0.0004871746489425455,0.00047490065331268205,0.0005019729437967246,0.000525131611802454,0.0005340354635059441,0.000527659643942302
BUREAU_ANNUITY,0.0005076587169744795,2.5455132025245157e-05,0.0005103648770516944,0.0005362991373617509,0.0005469606832013696,0.0005003996896185692,0.0005266349586552366,0.00047681563893120504,0.00046258033559587464,0.000498667616856574,0.0004912238441221461,0.0005266403883503745
NAME_HOUSING_TYPE,0.0004960224390433754,2.1059838919908845e-05,0.0005061505852028692,0.0005020572737499673,0.0004905052579009528,0.0004635322290319488,0.0005094550637532169,0.00046730603685929406,0.0005285699662745946,0.00047177484566929273,0.0005020036555101193,0.0005188694764814983
FLAG_WORK_PHONE,0.0004910901039428484,1.9901168100391718e-05,0.00048551299253984936,0.0005178695641786524,0.0004968539289889051,0.0004961148117326175,0.00046669825035516865,0.0004748841945492188,0.00045441627986042565,0.0004942229023185973,0.0005070040654138186,0.0005173240494912301
CCB_AMT_DRAWINGS_POS_CURRENT,0.0004884288745933274,2.748054711140197e-05,0.0004605845832617028,0.0005301929360991275,0.000444948588248284,0.0004690040043484611,0.0005050678700486699,0.0004556922582276135,0.0005167162629871047,0.0005073447787863339,0.0004903676490637388,0.0005043698148622378
PREV_APP_AMT_APPLICATION,0.0004849575856264776,5.5236761546421204e-05,0.000489369603218659,0.000512066238100295,0.0005419881004853355,0.0004721993799612356,0.00039183344355064875,0.0005109977758959161,0.0004868558240287424,0.0004893819897108243,0.0003856401974873247,0.0005692433038257949
PREV_APP_NAME_CONTRACT_STATUS,0.0004722947729184357,1.9729932971722817e-05,0.00047916500016387253,0.0004813226252855518,0.0004543221085848703,0.00048767129637350415,0.0005015580811493781,0.0004414111418392652,0.00043764446048677463,0.0004778549165239676,0.0004833779345888578,0.00047862016418831477
AMT_INCOME_TOTAL,0.000467110703575202,2.376659351606798e-05,0.00044672783148724804,0.000443367359205471,0.00046221960022241326,0.0004473178018040702,0.0004836277005669798,0.000522032273923223,0.0004794151054980933,0.00043994223961529855,0.00047307084603742666,0.0004733862773917963
NONLIVINGAREA_MEDI,0.0004620716749644149,5.585302393841164e-05,0.0003250220624422262,0.0005169144468611941,0.0004499247342018009,0.0004979675255344373,0.0005111058607655261,0.0004944974412812719,0.00047781368477628483,0.00043794750534897897,0.0004124723936373975,0.0004970510947950313
CCB_AMT_PAYMENT_CURRENT,0.00045613944452893573,0.00012218948751381987,0.000545317861053829,0.0005664258010618095,0.0004790082177156263,0.0005094031422930856,0.00029348401735163065,0.0004888933171446341,0.0005574737608136093,0.00016191435862433767,0.0004928994141188969,0.00046657455511189827
TOTALAREA_MODE,0.00045597117488175296,0.00010980179131607091,0.0005119030078890585,0.0005492610074995241,0.000279738574328281,0.0005401569357863512,0.0003828495038431523,0.0005455063732833221,0.000474703996540482,0.0005101836609749943,0.0005296711763280726,0.00023573751234429174
ELEVATORS_AVG,0.0004492202651878885,0.00013562480897414853,0.0005375744370168523,0.0005437249242306041,0.0003154632537578639,0.0005271550216465748,0.0005099294833694756,0.00010980676173844017,0.00037506467838044344,0.0005431821243908619,0.000540936606078346,0.0004893653612694226
NAME_TYPE_SUITE,0.0004469817206402049,2.7263809531632978e-05,0.00046371344510853785,0.0004606039265507844,0.00045571635249996856,0.00043528916052504307,0.0004699808404466932,0.00043637985054401085,0.0004621125334207665,0.0004159029429227079,0.00048319502173233,0.0003869231326512068
YEARS_BEGINEXPLUATATION_MEDI,0.00044664723444939327,0.00010702363165170973,0.00015039509062453327,0.00048776411022544153,0.00045634721520848576,0.00037028417113138534,0.0004930541604314387,0.0005234635076367677,0.00048064323467633674,0.0004795230206896539,0.0005223848647539775,0.000502612969115912
APARTMENTS_MODE,0.0004426993709560012,9.646690002928097e-05,0.0004042508170687409,0.0005237651950751321,0.0003498907450734112,0.00036228266689553035,0.000503061597680099,0.000446024855639493,0.00024638429620038593,0.0004789727550189582,0.0005379804764094054,0.000574380304498856
PREV_APP_NAME_PAYMENT_TYPE,0.00043746935281731015,2.278045784535394e-05,0.0004545910481740245,0.00039847345172061566,0.0004376970606588815,0.0004727533785474636,0.00046525021852206194,0.00043325030998542235,0.00041836089805902255,0.00043316122904879517,0.0004098126913896216,0.00045134324206719256
EMERGENCYSTATE_MODE,0.00043588496776412187,0.00013034818213039127,0.0005152986035115159,0.000509856521840435,0.0004815532176526416,0.00012855940178457814,0.0004962648070618858,0.00045489494142614273,0.0005064918076094216,0.0004898567486829597,0.00023785475410820212,0.0005382188739634364
REG_CITY_NOT_LIVE_CITY,0.00043454512260756586,1.1858098523090469e-05,0.00043618149699198305,0.00043914135957656697,0.0004218089241756484,0.0004516444204716308,0.0004160775415582574,0.00043867593289292905,0.0004492821637129829,0.00043205730414785926,0.0004178398169998321,0.00044274226554796847
APARTMENTS_MEDI,0.00041607996795336446,7.555005689637225e-05,0.0003999281009946509,0.0004590473008141416,0.0004883934458322914,0.0004459001423284814,0.00043566075528878034,0.00022708189951736735,0.0003704227980364516,0.0005063530110263059,0.00037860500931508057,0.0004494072163800933
YEARS_BUILD_MODE,0.0004047099996029813,1.542899620390345e-05,0.00041969999663238333,0.00039929486279421944,0.00038133631566816817,0.0004230209339464164,0.0004054741952639329,0.00042961054775769725,0.00038572283066073965,0.00040323325825664114,0.00038949952301359225,0.0004102075320360221
YEARS_BUILD_MEDI,0.0004044143527004995,4.148963029394035e-05,0.00041229508015427907,0.0004154154581024194,0.0003370581695520958,0.0004542326882923664,0.0003759561664576916,0.00046944024642048277,0.00036614589501537953,0.00044158149852546735,0.00035907931641787627,0.00041293900806693706
COMMONAREA_MEDI,0.000399012824065359,3.3859283575763195e-05,0.00043178683745659363,0.00037899221445258924,0.00044477874059589695,0.0003606656358001725,0.00044109621951893274,0.0004405157511686575,0.0003666513657007986,0.00038336634295310645,0.00036462286551763867,0.00037765226748920355
PREV_APP_NFLAG_LAST_APPL_IN_DAY,0.0003925677758879753,2.2396793489267748e-05,0.00042628384139287157,0.0004101320253373508,0.00039190928960508575,0.0004150073825741618,0.0003645738285830147,0.00039929672925198556,0.0003621754304157232,0.00041309290598967596,0.00037424632151017434,0.0003689600042197094
BASEMENTAREA_AVG,0.00035636915194059426,1.7538555647332162e-05,0.00036240822859656685,0.0003478233886340387,0.00035113397559149995,0.00035740934579453487,0.00034985443398694027,0.0003266131328076849,0.00038678331800046095,0.00033438709888000684,0.0003752839023234422,0.0003719946947907671
FLOORSMAX_MODE,0.00033892233661719784,0.00011174397218866,0.0004041367934700668,0.000444492663531304,0.0002647354781590838,0.0004366642308291091,0.00038778051545551584,0.00025033270266328067,0.000414407570934916,8.01288962805069e-05,0.00027879804931651986,0.0004277464655316754
PREV_APP_NAME_TYPE_SUITE,0.0003373147056814574,1.0756336876151667e-05,0.00034323342975017823,0.0003385856106770113,0.00034861052475698706,0.0003426806189097409,0.0003116244592663575,0.00033259971109833586,0.00034625810932087386,0.00032745422652646905,0.00034723935704639164,0.0003348610094622284
BUREAU_CREDIT_SUM_OVERDUE,0.0003236050986463623,2.483672724330818e-05,0.0003289333094287361,0.00027314709405912296,0.0003558216689887317,0.0003230553250417323,0.00032463282116901304,0.00035470976922269415,0.0002911414432379411,0.00031394650234517485,0.00032624119868795987,0.00034442185428251726
PREV_APP_NFLAG_INSURED_ON_APPROVAL,0.0003184474820992711,1.5678660473612326e-05,0.00033454218454853635,0.0003057963602036695,0.00033422607448230224,0.00033547965535674074,0.0003090646973453737,0.0003372000203385461,0.00030591801931134643,0.000313607825108253,0.0003198244867322897,0.00028881549756565317
ELEVATORS_MODE,0.0003153874755744912,8.934049282078594e-05,0.00041610689584792304,0.0004047004637008911,0.0003122142599051303,0.00027571737601439494,0.0002347701782126066,0.000279645930154393,0.0003773841762897412,0.0001103146079156625,0.00037980463259379427,0.00036321623511037515
LANDAREA_AVG,0.00029321246472150395,2.8878657559079947e-05,0.00026507415539589463,0.00026556910604713657,0.00032645482325754926,0.000261162569053508,0.0002860314213626314,0.0003313807445306516,0.0003070010738215334,0.0003109274221477776,0.0002531503751050934,0.0003253729564932639
WALLSMATERIAL_MODE,0.00028817236713948315,9.579502124648486e-05,0.00034307172664060914,0.0003468295847384173,0.00036657365318859547,0.0003596233040036312,0.00014229415509536825,0.00034299520187430765,0.00013548294184939635,0.00014941978162796854,0.0003553609932882562,0.0003400723290882812
FLAG_DOCUMENT_16,0.0002827613026022191,2.7895213232120295e-05,0.0002794165255329828,0.0002688002837125669,0.00031606849509224766,0.000273843282787789,0.00025811430424460546,0.0002814647083613231,0.0003480690823409738,0.00024826534622390817,0.0002879832271014404,0.0002655877706243537
COMMONAREA_MODE,0.00027544404176556015,4.184189457877663e-05,0.0003055917285665899,0.00026649503875308955,0.0002939603034256555,0.00030217848643476763,0.0002924348984362224,0.00016230393925342756,0.00030170593327638606,0.00028546571499621365,0.00024422616204478054,0.00030007821246846866
LIVINGAREA_MODE,0.0002728528554838183,4.884397904582038e-05,0.0002508508991969638,0.00028501810449987897,0.0002943621008688613,0.0003018723873691176,0.00030684055845775493,0.0002854918454042732,0.0002999473907502326,0.0002823170008263709,0.000133103208259433,0.000288725059205297
CCB_AMT_DRAWINGS_OTHER_CURRENT,0.00027197370299532065,5.595590534313199e-05,0.00024512969725798417,0.00011574175792483654,0.00027472849277998534,0.000295086286463242,0.0003153935161104293,0.00027241900587116064,0.00030510577084807977,0.0003159595618327238,0.0002843541545862749,0.00029581878627849
CCB_NAME_CONTRACT_STATUS,0.0002714030929354405,7.982228606010347e-05,0.00027507735069520756,0.0003154310149426909,0.0003500565204543893,0.00018595433402890382,0.0003083113271393767,0.00019115818782400318,0.0003637902556975492,0.00028935252835438074,0.00033101729430962124,0.00010388211590828256
LIVINGAPARTMENTS_MODE,0.0002602295947115807,6.689327206922415e-05,0.0002783394097518599,0.00032956077857793087,0.00028411219379487207,0.00033011579523201107,9.130677219615357e-05,0.00023526461982992242,0.00032331221749482,0.00024178144179043404,0.00025345274125543327,0.00023504997719236975
PREV_APP_NUM_CASH_LOANS,0.0002578215588353472,3.951329111590599e-05,0.000276883572732034,0.00027487000421055896,0.00028039030742776916,0.00025498272755009044,0.0002888333137530674,0.00027188774413355876,0.00027680993249123986,0.0002728974977588283,0.00014799821955890913,0.0002326622687374158
CCB_CNT_DRAWINGS_POS_CURRENT,0.0002573466132173574,3.495689901166368e-05,0.00018516363466858365,0.00029654941963608294,0.000226846047133078,0.0002511108458536082,0.00024044726387817406,0.00025259077714578915,0.00030690096381658094,0.00024471076233933964,0.0002915501974780632,0.0002775962202242743
LIVINGAPARTMENTS_MEDI,0.000252703205771565,2.3709250869906882e-05,0.00023628149993015768,0.0002598305969550019,0.000260754323847201,0.00022194167496270012,0.0002661521195669314,0.0002832724574999279,0.00020561135767827032,0.000282584073957981,0.0002603196088769577,0.00025028434444052117
YEARS_BUILD_AVG,0.0002513534344534607,2.8879776728644208e-05,0.00025787149506317775,0.00025225328765476895,0.00024896849174949054,0.00027792200193510475,0.00028752017590949475,0.0002392788613467811,0.0002715300629636541,0.00018185864708430977,0.00022725191684769275,0.0002690794039801325
YEARS_BEGINEXPLUATATION_MODE,0.00024636232290264903,3.8876872051888903e-05,0.0002747756632568432,0.00028642575297510575,0.0002581305933299083,0.00022709818860289221,0.00020369467528014162,0.00023933468540038305,0.00016615036925371474,0.0002720793105666086,0.0003018296285195454,0.00023410436184134742
CCB_AMT_DRAWINGS_ATM_CURRENT,0.0002460796563652057,2.2364123039782733e-05,0.00025947783644619804,0.0002587577231232263,0.0002608729287513212,0.00026663807728544153,0.00021414853527923494,0.000253983493959109,0.00025471989636782766,0.0001947100568607807,0.0002589922180836757,0.00023849579749524175
ELEVATORS_MEDI,0.00024577432085040043,6.457174744611158e-05,0.00028144231086868476,0.0002998610246613964,0.0002797945680599323,0.0002537822558815739,0.0002712923441214876,0.00020759726868990747,0.0002921542510667674,8.115154543186787e-05,0.0001957595151320657,0.0002949081245903207
LIVINGAPARTMENTS_AVG,0.00023708870895745583,3.699838623984047e-05,0.00027117136372589723,0.0002468916333435711,0.00025818115736642167,0.00026071478887923494,0.00015165053795640482,0.0002135037589767741,0.00019278064861460997,0.00026847925298500996,0.00024793311674997653,0.00025958083097665785
OBS_30_CNT_SOCIAL_CIRCLE,0.00022161411163322818,8.862808445096005e-06,0.00021600498199636498,0.00023171512628472613,0.0002189556819702787,0.00021625525700863513,0.00024064680517599246,0.00021170042146545498,0.00021810338950511987,0.00022790975835418337,0.00021156688489964992,0.00022328280967187641
FLOORSMIN_AVG,0.0002193481301570932,2.4611314116688188e-05,0.00022313688661390607,0.0002279732179165661,0.00025891348750373133,0.0001761976808263288,0.00017599084337560633,0.00022502116051903442,0.00022600919536353015,0.00021655694444688844,0.00022033652132547044,0.00024334536367986992
CCB_CNT_DRAWINGS_CURRENT,0.00021195168060983427,1.917521845003939e-05,0.00023005499698380838,0.00020070562808416348,0.0002088835974134451,0.00021541280586601097,0.0002405692623417277,0.0002204936431295934,0.00022030665800198967,0.00021599514067394132,0.0001660887761489871,0.00020100629745467558
FONDKAPREMONT_MODE,0.00020845611072484171,0.00010114567553442366,0.00018729360228042502,0.00031968246626778996,0.00030715785626989067,8.380140635710909e-05,0.00020277688711689557,0.0003519760873780253,0.000312111944086535,9.564153540642106e-05,8.450930286607594e-05,0.00013961001921924954
CNT_CHILDREN,0.0002048947566892001,5.6711013274164347e-05,0.00023903197989416647,0.00022956140375640643,0.00020565954622298044,0.0002161174784933717,0.00021143572382542608,0.00022641031409487145,0.00022836737985088007,0.00023544990817780942,3.7392953273318597e-05,0.0002195208793027703
FLOORSMIN_MODE,0.00020449906765305226,2.590334613105043e-05,0.0001343651033545168,0.00020451778313357316,0.00022379184359488935,0.0002232945174520662,0.00020226666544809202,0.00020443073833265046,0.0002166565454179148,0.0002227047168132934,0.00022341481913601413,0.00018954794384751228
CCB_AMT_DRAWINGS_CURRENT,0.0001981221451823778,5.772753840728445e-05,8.141098305447514e-05,0.00023988257557960857,0.00024400405357627442,0.0002442300646381401,0.00021876903619832966,9.349612709885768e-05,0.00020153433531078235,0.00023295224839559037,0.00023142769179607114,0.00019351433617564862
NONLIVINGAREA_MODE,0.00016325978618630943,2.1896312991146396e-05,0.00016319780282225693,0.00018183743733746205,0.00018414047648318554,0.00016223403192805463,0.00013559289317699452,0.0001812060655949077,0.00014171249899930238,0.00018739252453936484,0.0001212766534479659,0.0001740074775335998
PREV_APP_DAYS_FIRST_DRAWING,0.0001624686117275509,1.763120459204102e-05,0.00014721770087677832,0.0001549299041666563,0.00016679429716637273,0.00016184546936681699,0.0001832858085264455,0.00014087988917932392,0.0001900009840389849,0.0001326401570673763,0.0001754772281472583,0.00017161467873949565
BASEMENTAREA_MODE,0.00015879803597983465,1.4986332490220544e-05,0.00016976654624289989,0.00017525511967897422,0.00013854325379458743,0.00013406358559409082,0.00014314220561129076,0.00017202394201354387,0.00015674885205152478,0.0001787428504415045,0.00016190655343750748,0.00015778745093242286
PREV_APP_CHANNEL_TYPE,0.0001517234485821195,1.2146952318254525e-05,0.00016436315115009315,0.000141058390408344,0.00016038030005838255,0.00014865555203147363,0.00015170670136610553,0.0001529777590717485,0.00015735884436929304,0.00015729640287465152,0.00012106625275976057,0.00016237113173134254
FLOORSMIN_MEDI,0.00015008361276689364,2.13315695816556e-05,0.00017256894766726205,0.00013520992998872217,0.0001562342187553245,0.00012711951449428938,0.000161043062226085,0.0001685818546260931,0.00017352932500180884,0.0001046952127614631,0.00016054047606617328,0.00014131358608171496
CCB_AMT_INST_MIN_REGULARITY,0.00014765015913008605,1.9738347083281427e-05,0.00016646071026882314,0.0001357498453030681,0.00014601095112332096,0.00016315775882036476,0.00016295312718328514,0.0001255586468082992,0.00017038756762910445,0.00013741014428214626,0.00010736441697556387,0.00016144842290688466
NONLIVINGAPARTMENTS_MEDI,0.00014395564182019261,2.7816976039515408e-05,0.0001709156054851002,0.00016106902295609515,0.0001493897486264384,0.00013840411785559503,0.00015817075347657195,0.00018207905877298813,0.0001357551053203787,0.00014244177493316634,7.632709158733597e-05,0.00012500413918825615
ENTRANCES_MODE,0.00013935280437809005,2.3880190697524762e-05,0.00015340178432976526,0.0001573486636907706,0.0001626180131839572,0.00014499322263328285,0.00015429921113607747,0.00011805260225750125,0.00014710299856623976,0.00015892531142847055,9.024781195821063e-05,0.00010653842459662499
BUREAU_IT_TYPE,0.00013589281596430026,7.435719279421357e-06,0.00014977661440784829,0.00013008887904519817,0.0001371490098794892,0.00014063826774390886,0.0001367967584047225,0.00013225380031989253,0.00012194433627688017,0.00014313406106847282,0.0001296655324991569,0.00013748089999743307
CCB_CNT_DRAWINGS_OTHER_CURRENT,0.00013055164178461532,7.680891723659685e-06,0.00013269021206974152,0.00013729306647980444,0.00013173068312488656,0.00011601510914149848,0.00013744391019887559,0.0001409309622496524,0.0001241011130087566,0.00013284122546697308,0.00011960600411242694,0.00013286413199353753
AMT_REQ_CREDIT_BUREAU_MON,0.00012032946009168377,6.75396914715222e-06,0.0001230989948921568,0.00012339101068603586,0.00011943853195184317,0.00011390872676808605,0.00011856825362133172,0.0001329706897614802,0.00012624872713007385,0.0001141503482033901,0.00010803922627977691,0.00012348009162266305
LIVE_REGION_NOT_WORK_REGION,0.00011197034255703287,1.0199045796865901e-05,0.00010574501038862483,0.00011886637782232423,0.00010895854154480134,0.00010290256496248151,0.00010274052249703569,9.606742712220395e-05,0.00012812112357685201,0.00010979386621234877,0.00012471704405558892,0.0001217909473880674
PREV_APP_NAME_CASH_LOAN_PURPOSE,0.00010229350587359631,2.861420884154815e-05,0.00011897056009857465,0.00013041007945058247,0.00011390702998836932,8.993475609564427e-05,0.00010659187315853469,5.5920430647393715e-05,7.521332536386538e-05,0.00011927767723207694,6.388273927127042e-05,0.00014882658742965127
HOUSETYPE_MODE,9.022960551154923e-05,3.0245346721810787e-05,0.00011954322326190869,9.387145477823822e-05,5.946924548072552e-05,0.00014166464981069105,0.00011772665086862144,0.00011325631495673338,5.22525018760156e-05,5.8470860279769e-05,8.632468751346156e-05,5.971646628932792e-05
FLAG_EMP_PHONE,8.792853463035488e-05,1.1547920848957465e-05,9.300321258354227e-05,7.711117350694963e-05,0.00011266753238581284,8.480216704975785e-05,7.433473281259761e-05,9.229294058288318e-05,7.523317768676208e-05,8.002963466546831e-05,9.960792773466842e-05,9.020284729510664e-05
COMMONAREA_AVG,7.487773626617678e-05,9.721925867004679e-06,7.553316834552071e-05,8.935411806731963e-05,8.72110852514485e-05,6.152625156374825e-05,6.217068851022134e-05,7.387219065457806e-05,8.644566790916297e-05,7.707927404765336e-05,6.90658923535592e-05,6.651902595855574e-05
BUREAU_CREDIT_PROLONG,7.38229331386675e-05,6.891712729058527e-06,7.345240734613068e-05,6.422464038957632e-05,7.623648354915247e-05,8.163546701456248e-05,8.172251181548518e-05,7.748599215218199e-05,7.596941041743133e-05,6.065987582659638e-05,7.898068542810943e-05,6.786185744744877e-05
CCB_SK_DPD_DEF,7.203018353300062e-05,7.50396992051801e-06,6.022583956832861e-05,8.189066268804446e-05,7.470887274607652e-05,7.298155096735481e-05,6.971881319872697e-05,7.266340476541622e-05,7.695082782110951e-05,8.227362587609477e-05,5.859336777724877e-05,7.02948699216055e-05
FLAG_PHONE,7.192944571966508e-05,6.466484908631408e-06,6.169643857201201e-05,7.84490843345198e-05,8.071140076637562e-05,6.682461599050171e-05,8.121839855368407e-05,6.470245356537951e-05,7.315071990776634e-05,6.738896493319046e-05,7.08022070649017e-05,7.435017350831963e-05
FLAG_EMAIL,6.677033600641647e-05,7.099595149909385e-06,5.531484995702218e-05,7.897271056322985e-05,6.049749400527382e-05,7.09438881735247e-05,6.202323835047263e-05,6.400354998903346e-05,6.173614321791643e-05,7.374357475009585e-05,7.464965513304112e-05,6.581825592455459e-05
FLAG_DOCUMENT_6,6.0171695326727284e-05,2.1310718109436662e-05,5.056233957367873e-05,4.1869906626246234e-05,9.83102305870398e-05,2.6423102554185007e-05,8.303276513332847e-05,5.9879017788810884e-05,7.492063085801082e-05,7.111984423291418e-05,3.448772699665703e-05,6.111138891640167e-05
FLAG_OWN_REALTY,5.280818027426637e-05,5.601089039789523e-06,4.612848442619999e-05,4.54884591070126e-05,5.7731743023481386e-05,4.805941977426009e-05,5.312159246062542e-05,6.52908967803123e-05,5.5973709531365046e-05,5.237399130575415e-05,5.271758920377678e-05,5.119591712987592e-05
NONLIVINGAPARTMENTS_MODE,5.253857894084168e-05,2.992425527131139e-06,5.4553165530046854e-05,5.0868947673254894e-05,4.985902437004697e-05,5.197202418449898e-05,5.369714014968885e-05,4.966151920793305e-05,5.103031142694725e-05,4.920881837244817e-05,5.533181775452256e-05,5.920302073902928e-05
REG_CITY_NOT_WORK_CITY,4.845683952565682e-05,6.393451613941241e-06,5.453908225816484e-05,4.75590394278802e-05,4.513977086972876e-05,3.967868526544294e-05,5.571070867105288e-05,4.6395048523883986e-05,6.139729630316726e-05,4.764370873711066e-05,4.4621404658107267e-05,4.188365054202947e-05
BUREAU_IT_DAY_OVERDUE,4.491627104189488e-05,4.545056891250403e-06,4.861036415693132e-05,3.871796857479737e-05,4.513009922513245e-05,4.140855221401729e-05,5.032224523993101e-05,5.1295687778729615e-05,4.4860141567903966e-05,3.99296389896886e-05,3.960029404137533e-05,4.92877186304419e-05
AMT_REQ_CREDIT_BUREAU_HOUR,4.1866513066723955e-05,5.806929248038154e-06,4.26704473092121e-05,4.787514949400329e-05,3.9338311249026425e-05,4.482111563397506e-05,5.198186550703365e-05,3.997799721222606e-05,3.398429244672041e-05,4.534253604915328e-05,3.1642227366845965e-05,4.1031188399043295e-05
FLAG_DOCUMENT_5,3.870527666239853e-05,4.4984375791644456e-06,3.975045904869301e-05,3.4103745740643454e-05,4.031803187287686e-05,4.625370677135976e-05,4.412390883734574e-05,3.802279791398355e-05,3.672238591867494e-05,3.725721089375966e-05,2.9737422426956428e-05,4.0763097199691956e-05
FLAG_DOCUMENT_9,2.3476084592399803e-05,3.8531367551523575e-06,2.1330218154202996e-05,2.2647428269184644e-05,2.2788430665832138e-05,2.2351509881834986e-05,1.807426750466412e-05,2.4158580308575317e-05,2.4778922982804374e-05,1.909148696088714e-05,3.2182821393167416e-05,2.735717980284491e-05
FLAG_DOCUMENT_11,2.0375185675758355e-05,5.049956998975489e-06,2.0865300504713247e-05,2.7606606425090163e-05,2.1547914995423412e-05,1.0540056410102139e-05,2.686172011778787e-05,1.7584237514745027e-05,2.5157813899445713e-05,1.6666109995733258e-05,1.6163354157772147e-05,2.0758742736770586e-05
CCB_SK_DPD,1.8855176446030965e-05,2.1295274648328293e-06,1.860298407274641e-05,1.6453673171823446e-05,2.0376118904597007e-05,2.0327081970084038e-05,1.9000878922592612e-05,1.6297399757392306e-05,1.5553531517942254e-05,2.0755688533213856e-05,1.8601287293029678e-05,2.2583120316888028e-05
FLAG_DOCUMENT_14,9.360811456216033e-06,2.5080085378756892e-06,1.2995805732773924e-05,1.2709389312082209e-05,6.427401668007704e-06,7.859483771355258e-06,5.713396752038413e-06,8.471512224828004e-06,1.1258133597591424e-05,7.67029282999765e-06,1.1906303459374712e-05,8.596395214111041e-06
FLAG_DOCUMENT_15,8.977746461369396e-06,2.0232824630765326e-06,7.468885074413123e-06,4.661562989061174e-06,7.782959005053769e-06,7.950770521736317e-06,9.710670471507754e-06,9.144624749213293e-06,9.030601150428197e-06,1.1010912788878002e-05,1.1366727501016527e-05,1.1649750362385802e-05
FLAG_CONT_MOBILE,0.0,0.0,0.0,0.0,0.0,0.0,0.0,0.0,0.0,0.0,0.0,0.0
FLAG_MOBIL,0.0,0.0,0.0,0.0,0.0,0.0,0.0,0.0,0.0,0.0,0.0,0.0
AMT_REQ_CREDIT_BUREAU_DAY,0.0,0.0,0.0,0.0,0.0,0.0,0.0,0.0,0.0,0.0,0.0,0.0
REG_REGION_NOT_LIVE_REGION,0.0,0.0,0.0,0.0,0.0,0.0,0.0,0.0,0.0,0.0,0.0,0.0
REG_REGION_NOT_WORK_REGION,0.0,0.0,0.0,0.0,0.0,0.0,0.0,0.0,0.0,0.0,0.0,0.0
FLAG_DOCUMENT_21,0.0,0.0,0.0,0.0,0.0,0.0,0.0,0.0,0.0,0.0,0.0,0.0
FLAG_DOCUMENT_17,0.0,0.0,0.0,0.0,0.0,0.0,0.0,0.0,0.0,0.0,0.0,0.0
LIVE_CITY_NOT_WORK_CITY,0.0,0.0,0.0,0.0,0.0,0.0,0.0,0.0,0.0,0.0,0.0,0.0
FLAG_DOCUMENT_20,0.0,0.0,0.0,0.0,0.0,0.0,0.0,0.0,0.0,0.0,0.0,0.0
FLAG_DOCUMENT_19,0.0,0.0,0.0,0.0,0.0,0.0,0.0,0.0,0.0,0.0,0.0,0.0
FLAG_DOCUMENT_2,0.0,0.0,0.0,0.0,0.0,0.0,0.0,0.0,0.0,0.0,0.0,0.0
PREV_APP_FLAG_LAST_APPL_PER_CONTRACT,0.0,0.0,0.0,0.0,0.0,0.0,0.0,0.0,0.0,0.0,0.0,0.0
FLAG_DOCUMENT_13,0.0,0.0,0.0,0.0,0.0,0.0,0.0,0.0,0.0,0.0,0.0,0.0
FLAG_DOCUMENT_12,0.0,0.0,0.0,0.0,0.0,0.0,0.0,0.0,0.0,0.0,0.0,0.0
FLAG_DOCUMENT_10,0.0,0.0,0.0,0.0,0.0,0.0,0.0,0.0,0.0,0.0,0.0,0.0
FLAG_DOCUMENT_8,0.0,0.0,0.0,0.0,0.0,0.0,0.0,0.0,0.0,0.0,0.0,0.0
FLAG_DOCUMENT_7,0.0,0.0,0.0,0.0,0.0,0.0,0.0,0.0,0.0,0.0,0.0,0.0
AMT_REQ_CREDIT_BUREAU_WEEK,0.0,0.0,0.0,0.0,0.0,0.0,0.0,0.0,0.0,0.0,0.0,0.0
FLAG_DOCUMENT_4,0.0,0.0,0.0,0.0,0.0,0.0,0.0,0.0,0.0,0.0,0.0,0.0
